{"cameraMode":{"drawMode":0,"name":"Shaded","section":"Shading Mode"},"sceneLighting":false,"audioPlay":false,"sceneViewState":{"m_AlwaysRefresh":false,"showFog":true,"showSkybox":false,"showFlares":true,"showImageEffects":true,"showParticleSystems":true,"showVisualEffectGraphs":true,"m_FxEnabled":true},"in2DMode":false,"pivot":{"x":-0.9481033682823181,"y":-1.1170942783355713,"z":-0.8009548187255859},"rotation":{"x":0.43119338154792788,"y":-0.00000880314200912835,"z":-0.000006902050245116698,"w":0.9022697806358337},"size":8.558547019958496,"orthographic":false}