{"cameraMode":{"drawMode":0,"name":"Shaded","section":"Shading Mode"},"sceneLighting":true,"audioPlay":false,"sceneViewState":{"m_AlwaysRefresh":false,"showFog":true,"showSkybox":true,"showFlares":true,"showImageEffects":true,"showParticleSystems":true,"showVisualEffectGraphs":true,"m_FxEnabled":true},"in2DMode":false,"pivot":{"x":87.9260025024414,"y":49.47347640991211,"z":-27.725360870361329},"rotation":{"x":0.04048530384898186,"y":-0.01288729626685381,"z":0.0005219086306169629,"w":0.9990983605384827},"size":58.23017883300781,"orthographic":false}