{"cameraMode":{"drawMode":0,"name":"Shaded","section":"Shading Mode"},"sceneLighting":true,"audioPlay":false,"sceneViewState":{"m_AlwaysRefresh":false,"showFog":true,"showSkybox":true,"showFlares":true,"showImageEffects":true,"showParticleSystems":true,"showVisualEffectGraphs":true,"m_FxEnabled":true},"in2DMode":false,"pivot":{"x":118.0828857421875,"y":0.4885444641113281,"z":53.687843322753909},"rotation":{"x":0.44441306591033938,"y":-0.0038650224450975658,"z":0.0017247876385226846,"w":0.8958638310432434},"size":40.28558349609375,"orthographic":false}