{"cameraMode":{"drawMode":0,"name":"Shaded","section":"Shading Mode"},"sceneLighting":true,"audioPlay":false,"sceneViewState":{"m_AlwaysRefresh":false,"showFog":true,"showSkybox":true,"showFlares":true,"showImageEffects":true,"showParticleSystems":true,"showVisualEffectGraphs":true,"m_FxEnabled":true},"in2DMode":false,"pivot":{"x":17.68062973022461,"y":3.744558334350586,"z":32.820011138916019},"rotation":{"x":-0.3383575677871704,"y":-0.026252781972289087,"z":0.009443212300539017,"w":-0.9406083822250366},"size":94.12277221679688,"orthographic":false}