{"cameraMode":{"drawMode":0,"name":"Shaded","section":"Shading Mode"},"sceneLighting":true,"audioPlay":false,"sceneViewState":{"m_AlwaysRefresh":false,"showFog":true,"showSkybox":true,"showFlares":true,"showImageEffects":true,"showParticleSystems":true,"showVisualEffectGraphs":true,"m_FxEnabled":true},"in2DMode":false,"pivot":{"x":13.188619613647461,"y":42.07124328613281,"z":-3.0830013751983644},"rotation":{"x":-0.35752490162849429,"y":0.6042580008506775,"z":-0.34756502509117129,"w":-0.6215171217918396},"size":2.2022781372070314,"orthographic":false}