{"cameraMode":{"drawMode":0,"name":"Shaded","section":"Shading Mode"},"sceneLighting":true,"audioPlay":false,"sceneViewState":{"m_AlwaysRefresh":false,"showFog":true,"showSkybox":true,"showFlares":true,"showImageEffects":true,"showParticleSystems":true,"showVisualEffectGraphs":true,"m_FxEnabled":true},"in2DMode":false,"pivot":{"x":124.19207000732422,"y":43.67533493041992,"z":5.77590274810791},"rotation":{"x":0.364890456199646,"y":0.00298296008259058,"z":-0.0013542596716433764,"w":0.9310945868492127},"size":59.149810791015628,"orthographic":false}