{"cameraMode":{"drawMode":0,"name":"Shaded","section":"Shading Mode"},"sceneLighting":true,"audioPlay":false,"sceneViewState":{"m_AlwaysRefresh":false,"showFog":true,"showSkybox":true,"showFlares":true,"showImageEffects":true,"showParticleSystems":true,"showVisualEffectGraphs":true,"m_FxEnabled":true},"in2DMode":false,"pivot":{"x":67.83338928222656,"y":44.65099334716797,"z":4.0964508056640629},"rotation":{"x":0.3774052858352661,"y":-0.010926660150289536,"z":0.004266948904842138,"w":0.9260237216949463},"size":86.38526916503906,"orthographic":false}